{
  "street_map": {
    "الأنوار": 86875.0,
    "الدرويش": 93571.42857142857,
    "الفندق": 137850.0,
    "النورس": 110000.0,
    "وردشان": 88166.66666666667
  },
  "direction_map": {
    "جنوبي": 96000.0,
    "شرقي": 84000.0,
    "شمالي": 126142.85714285714,
    "غربي ": 126285.71428571429
  },
  "features": [
    "المساحة (م2)",
    "عدد الغرف",
    "عدد الحمامات",
    "floor_num",
    "condition_num",
    "parking_num",
    "elevator_num",
    "front_num",
    "age",
    "apts_floor",
    "street_enc",
    "direction_enc"
  ],
  "mae": 11595.297369958085,
  "r2": 0.7949434958235896,
  "mae_percent": 10.301544566986541
}