{
  "street_price": {
    "الأنوار": 86875.0,
    "الدرويش": 93571.42857142857,
    "الفندق": 137850.0,
    "النورس": 110000.0,
    "وردشان": 88166.66666666667
  },
  "direction_price": {
    "جنوبي": 96000.0,
    "شرقي": 84000.0,
    "شمالي": 126142.85714285714,
    "غربي ": 126285.71428571429
  },
  "street_ppsqm": {
    "الأنوار": 914.4736842105264,
    "الدرويش": 912.2562674094708,
    "الفندق": 1006.2043795620438,
    "النورس": 804.8780487804878,
    "وردشان": 892.8270042194093
  },
  "direction_num_map": {
    "جنوبي": 0,
    "غربي ": 1,
    "شرقي": 2,
    "شمالي": 3,
    "NaN": 4
  },
  "features": [
    "expected_price",
    "المساحة (م2)",
    "street_ppsqm",
    "street_enc",
    "عدد الغرف",
    "عدد الحمامات",
    "الإكساء (رقم)",
    "الوجهة (رقم)",
    "الاتجاه_رقم",
    "direction_enc",
    "الطابق (رقم)",
    "عمر البناء (سنة)",
    "عدد الشقق في كل طابق",
    "وجود مصعد (رقم)",
    "موقف سيارة (رقم)"
  ],
  "mae": 11791.893881775839,
  "r2": 0.857045419215805,
  "mean_price": 109900.0
}
