{
  "street_price": {
    "الأنوار": 97272.72727272728,
    "الدرويش": 102307.69230769231,
    "الفندق": 114666.66666666667,
    "النورس": 110000.0,
    "وردشان": 86000.0
  },
  "direction_price": {
    "جنوبي": 88520.0,
    "شرقي": 107000.0,
    "شمالي": 122300.0,
    "غربي": 112326.08695652174
  },
  "street_ppsqm": {
    "الأنوار": 862.9032258064516,
    "الدرويش": 893.8172043010753,
    "الفندق": 998.9110707803993,
    "النورس": 804.8780487804878,
    "وردشان": 870.0389105058366
  },
  "direction_num_map": {
    "غربي": 0,
    "شرقي": 1,
    "شمالي": 2,
    "جنوبي": 3
  },
  "features": [
    "expected_price",
    "المساحة (م2)",
    "street_ppsqm",
    "street_enc",
    "عدد الغرف",
    "عدد الحمامات",
    "condition_num",
    "front_num",
    "direction_num",
    "direction_enc",
    "floor_num",
    "age",
    "apts_floor",
    "elevator_num",
    "parking_num"
  ],
  "mae": 9778.891689413495,
  "r2": 0.884941618016222,
  "mean_price": 106272.72727272728
}